name,email,likes
Ainsley Bungey,abungey0@behance.net,4
Merrick Rutherforth,mrutherforth1@cnet.com,30
Kerri Fratson,kfratson2@purevolume.com,84
Orren Perceval,operceval3@mac.com,17
Hector Bafford,hbafford4@army.mil,32
Casper Culvey,cculvey5@kickstarter.com,91
Addia Fairley,afairley6@tinyurl.com,56
Elenore Tunny,etunny7@imdb.com,58
Nils Temlett,ntemlett8@hao123.com,75
Lucila Geaney,lgeaney9@studiopress.com,36
Jenny Bendley,jbendleya@sitemeter.com,83
Ewart Puxley,epuxleyb@buzzfeed.com,30
Devlin Wrixon,dwrixonc@paginegialle.it,74
Felicity Matyasik,fmatyasikd@last.fm,48
Shelbi Coppin,scoppine@yellowbook.com,67
Augustin Odger,aodgerf@nyu.edu,79
Johnath Jerosch,jjeroschg@creativecommons.org,97
Gleda Pinn,gpinnh@wix.com,32
Felix Bartolomieu,fbartolomieui@netvibes.com,18
Ringo Coning,rconingj@blogtalkradio.com,10
Mellisa Olcot,molcotk@wsj.com,19
Allix Caldecot,acaldecotl@reverbnation.com,34
Daniele Ox,doxm@baidu.com,30
Gabey Denis,gdenisn@princeton.edu,44
Drucy Ducker,dduckero@scribd.com,37
Cherey Baldassi,cbaldassip@t.co,56
Katya Calderon,kcalderonq@yolasite.com,77
Martin Ottiwill,mottiwillr@google.co.uk,63
Balduin Altofts,baltoftss@google.es,54
Gabriel De Giorgi,gdet@feedburner.com,74
Aviva Coxon,acoxonu@yellowbook.com,37
Gonzales Fero,gferov@netvibes.com,24
Hughie MacClinton,hmacclintonw@1688.com,87
Andi Sargood,asargoodx@e-recht24.de,87
Dael Stove,dstovey@bandcamp.com,90
Marybeth Papachristophorou,mpapachristophorouz@tripadvisor.com,38
Drusilla Leneve,dleneve10@issuu.com,18
Blondell Espley,bespley11@thetimes.co.uk,2
Pail Mish,pmish12@toplist.cz,56
Christina Frew,cfrew13@yolasite.com,68
Farr Cordoba,fcordoba14@boston.com,25
Ikey Lundon,ilundon15@cnn.com,62
Modestia de Mendoza,mde16@spotify.com,27
Zia Slyne,zslyne17@tinyurl.com,51
Milicent Meriot,mmeriot18@deviantart.com,87
Margaretha Hendonson,mhendonson19@chron.com,92
Sarine Rebillard,srebillard1a@army.mil,19
Fiann Naulty,fnaulty1b@bizjournals.com,40
Rafferty Hesey,rhesey1c@wunderground.com,65
Danni Lyfield,dlyfield1d@yellowpages.com,30
Mandi Skyme,mskyme1e@globo.com,50
Adriane Hockell,ahockell1f@godaddy.com,100
Laurena Scotfurth,lscotfurth1g@seesaa.net,51
Francesca Payle,fpayle1h@amazon.co.uk,42
Hamnet Blaes,hblaes1i@va.gov,21
Towny Balshen,tbalshen1j@nydailynews.com,51
Kissie Cantero,kcantero1k@technorati.com,5
Sawyere Mottershead,smottershead1l@over-blog.com,3
Melicent Bagenal,mbagenal1m@squidoo.com,67
Nert Cohan,ncohan1n@about.me,40
Corilla Daville,cdaville1o@cbslocal.com,99
Vikki Kingswoode,vkingswoode1p@nymag.com,58
Percival Helgass,phelgass1q@fotki.com,17
Elysia Skune,eskune1r@mozilla.com,6
Dillie Ridgeway,dridgeway1s@arizona.edu,19
Carlyle Jeanin,cjeanin1t@google.co.uk,50
Ardisj McMickan,amcmickan1u@wired.com,6
Shawn Wallbridge,swallbridge1v@state.tx.us,23
Barbaraanne Catto,bcatto1w@php.net,88
Lynnette Cockren,lcockren1x@ihg.com,29
Carissa Bruhn,cbruhn1y@rakuten.co.jp,28
Waverly Manifold,wmanifold1z@globo.com,56
Bartholemy Assender,bassender20@dagondesign.com,94
Constantine Klosterman,cklosterman21@eepurl.com,54
Emelda MacKeeg,emackeeg22@oaic.gov.au,35
Gerhardine Bohills,gbohills23@flavors.me,51
Trixi Nineham,tnineham24@amazon.co.uk,46
Chancey Blaw,cblaw25@mac.com,73
Amby Dunston,adunston26@japanpost.jp,81
Dewitt Pyzer,dpyzer27@irs.gov,60
Hillyer Hadcroft,hhadcroft28@shutterfly.com,70
Waylan Spiring,wspiring29@globo.com,47
Lianne MacPeice,lmacpeice2a@yahoo.co.jp,81
Wallis Schoenfisch,wschoenfisch2b@samsung.com,32
Leann Clemente,lclemente2c@adobe.com,68
Chere Bewshaw,cbewshaw2d@qq.com,84
Kent Crowcum,kcrowcum2e@histats.com,31
Samuel Scamwell,sscamwell2f@census.gov,23
Mildrid Siviter,msiviter2g@cdbaby.com,57
Oren Haggis,ohaggis2h@nps.gov,2
Wallas Meininger,wmeininger2i@taobao.com,53
Bobby Domoney,bdomoney2j@freewebs.com,49
Levey Blackledge,lblackledge2k@reddit.com,2
Bibby Klimowski,bklimowski2l@prweb.com,41
Suzie Conring,sconring2m@jimdo.com,37
Conn Ferreli,cferreli2n@networkadvertising.org,55
Stephanie Braunroth,sbraunroth2o@merriam-webster.com,80
Cairistiona Brownsey,cbrownsey2p@xinhuanet.com,100
Allis Dayne,adayne2q@answers.com,25
Cassandra Demare,cdemare2r@deviantart.com,60
Magdalen De Santos,mde2s@loc.gov,59
Enrique McClancy,emcclancy2t@sogou.com,46
Jaine Emery,jemery2u@aboutads.info,17
Trevar Charteris,tcharteris2v@slate.com,63
Niles Ourtic,nourtic2w@deliciousdays.com,63
Hyacinthie St Ledger,hst2x@china.com.cn,56
Florian Fever,ffever2y@oracle.com,41
Selig Prinne,sprinne2z@epa.gov,17
Nelly Aguirre,naguirre30@mysql.com,45
Arlinda Stocker,astocker31@webnode.com,72
Deina Rowlstone,drowlstone32@feedburner.com,8
Sisile Nairn,snairn33@earthlink.net,7
Hamnet Wilkisson,hwilkisson34@uol.com.br,37
Lovell Loftus,lloftus35@about.me,36
Arly Russi,arussi36@soup.io,1
Angel Berg,aberg37@fotki.com,66
Clim McGurgan,cmcgurgan38@fc2.com,83
Kathye Swallwell,kswallwell39@dropbox.com,4
Erich Minichillo,eminichillo3a@newsvine.com,5
Katrine Christopherson,kchristopherson3b@hubpages.com,95
Edmund Delacroux,edelacroux3c@irs.gov,70
Angeli Ismail,aismail3d@fastcompany.com,69
Neal Perot,nperot3e@boston.com,67
Aleece Onyon,aonyon3f@reddit.com,74
Harri Toffano,htoffano3g@ucoz.com,31
Dyan Fawlks,dfawlks3h@fda.gov,11
Junia Riepel,jriepel3i@si.edu,83
Maiga Kowal,mkowal3j@soundcloud.com,68
Berty Theuss,btheuss3k@shareasale.com,34
Goldia Priddy,gpriddy3l@telegraph.co.uk,34
Arturo Margerrison,amargerrison3m@wikipedia.org,87
Cyndie Dohrmann,cdohrmann3n@feedburner.com,24
Ezequiel Shemmin,eshemmin3o@howstuffworks.com,82
Coop Traske,ctraske3p@slashdot.org,48
Gannie Ballentime,gballentime3q@elegantthemes.com,4
Rafaello Booi,rbooi3r@feedburner.com,85
Lina Wilden,lwilden3s@si.edu,85
Clywd Swain,cswain3t@oracle.com,36
Kala Geal,kgeal3u@google.com.hk,15
Guillema Stowers,gstowers3v@sourceforge.net,73
Mischa Haining,mhaining3w@google.ru,75
Verene Anthiftle,vanthiftle3x@fotki.com,23
Delcine Geraudel,dgeraudel3y@shop-pro.jp,51
Hank Crippill,hcrippill3z@tiny.cc,50
Minnie Bevan,mbevan40@bravesites.com,22
Hiram Gethyn,hgethyn41@un.org,69
Lethia Ostler,lostler42@amazon.co.jp,61
Phebe Walczynski,pwalczynski43@xing.com,98
Suki Tripe,stripe44@jimdo.com,60
Urbanus Smees,usmees45@apache.org,17
Ursula O'Cannon,uocannon46@wikispaces.com,25
Curran Vanetti,cvanetti47@yellowpages.com,55
Gloriane Wardroper,gwardroper48@telegraph.co.uk,10
Bee Joris,bjoris49@360.cn,66
Brendan Bullers,bbullers4a@myspace.com,22
Newton Schirak,nschirak4b@cmu.edu,41
Costa Nel,cnel4c@usnews.com,1
Briney Baudassi,bbaudassi4d@nydailynews.com,9
Abbi Reddan,areddan4e@msn.com,35
Lil Lie,llie4f@devhub.com,13
Zacharie Lucien,zlucien4g@linkedin.com,75
Zerk Dounbare,zdounbare4h@51.la,82
Frants De Bruyn,fde4i@google.com.br,87
Nonnah Reijmers,nreijmers4j@ucla.edu,32
Marcelia Brownjohn,mbrownjohn4k@moonfruit.com,31
Marlene Coope,mcoope4l@mail.ru,98
Issy Bowhay,ibowhay4m@fema.gov,94
Claudius Forkan,cforkan4n@google.com,71
Chelsey McTrustie,cmctrustie4o@blogs.com,96
Alic Stairmond,astairmond4p@cnbc.com,67
Thaddus Dinjes,tdinjes4q@miitbeian.gov.cn,52
Lydia Kenyon,lkenyon4r@amazon.de,16
Damita Ansty,dansty4s@storify.com,72
Torrie Blackwell,tblackwell4t@infoseek.co.jp,3
Gaye Ancell,gancell4u@google.com.au,89
Kerk Hofer,khofer4v@com.com,1
Winny Boycott,wboycott4w@123-reg.co.uk,45
Gilbertina Clawley,gclawley4x@time.com,52
Susan Huikerby,shuikerby4y@posterous.com,34
Hildegarde Newlands,hnewlands4z@google.ca,20
Cory Perigo,cperigo50@addtoany.com,2
Velvet Mayhou,vmayhou51@apple.com,71
Cinnamon Bassingham,cbassingham52@tripod.com,30
Kizzie Lamerton,klamerton53@chicagotribune.com,74
Stanislas Farlowe,sfarlowe54@gnu.org,10
Mureil Clay,mclay55@walmart.com,77
Reed Nutkin,rnutkin56@guardian.co.uk,49
Concettina Reihm,creihm57@ifeng.com,91
Elmer Orrobin,eorrobin58@netvibes.com,22
Matthiew Kenefick,mkenefick59@phoca.cz,25
Haley Kochl,hkochl5a@jigsy.com,27
Yardley Islip,yislip5b@eepurl.com,34
Neilla Sowten,nsowten5c@tumblr.com,45
Marabel Biaggiotti,mbiaggiotti5d@ycombinator.com,43
Andreas Gorini,agorini5e@noaa.gov,34
Niccolo Bourthouloume,nbourthouloume5f@cargocollective.com,85
Carolan Baitman,cbaitman5g@nba.com,37
Vincenty Langhorn,vlanghorn5h@ox.ac.uk,89
Elmer Gillyett,egillyett5i@noaa.gov,20
Nathalie Colliard,ncolliard5j@shutterfly.com,95
Budd Pressdee,bpressdee5k@jugem.jp,63
Bail Wigan,bwigan5l@youtube.com,27
Tallie Glas,tglas5m@rambler.ru,2
Catharine Murray,cmurray5n@devhub.com,94
Rahel Meriel,rmeriel5o@de.vu,72
Philbert Lenihan,plenihan5p@cisco.com,32
Bendick Fassbindler,bfassbindler5q@nasa.gov,41
Dallas Khoter,dkhoter5r@privacy.gov.au,61
Prudy Cockerham,pcockerham5s@storify.com,2
Aretha Schruur,aschruur5t@mlb.com,48
Kristofer Giacoppo,kgiacoppo5u@intel.com,36
Fey Beare,fbeare5v@cam.ac.uk,62
Maire Emmot,memmot5w@discuz.net,22
Pete Mablestone,pmablestone5x@diigo.com,39
Phoebe Shilburne,pshilburne5y@wordpress.org,96
Ali Pearcey,apearcey5z@domainmarket.com,59
Chanda Thome,cthome60@jimdo.com,91
Nedi Crowdy,ncrowdy61@storify.com,88
Brenna Sunner,bsunner62@admin.ch,65
Bradly Toupe,btoupe63@php.net,45
Lefty Whiteman,lwhiteman64@adobe.com,4
Carl Birmingham,cbirmingham65@ox.ac.uk,12
Jamal Bozward,jbozward66@behance.net,14
Glenda Cappleman,gcappleman67@posterous.com,99
Rafa Pickance,rpickance68@seattletimes.com,79
Kahlil Esposito,kesposito69@theglobeandmail.com,78
Idalina Tizard,itizard6a@intel.com,11
Etheline Labbe,elabbe6b@cbslocal.com,25
Reba Koopman,rkoopman6c@harvard.edu,52
Janene Morffew,jmorffew6d@soundcloud.com,64
Ivor Gabbot,igabbot6e@vkontakte.ru,98
Grant Pountain,gpountain6f@illinois.edu,36
Rebekkah Witcher,rwitcher6g@wufoo.com,82
Alexandro Barkworth,abarkworth6h@admin.ch,42
Margaret Gilli,mgilli6i@nyu.edu,40
Florence Alelsandrowicz,falelsandrowicz6j@feedburner.com,53
Rozele Zoanetti,rzoanetti6k@admin.ch,65
Danyelle Grog,dgrog6l@yale.edu,56
Fancy Salvage,fsalvage6m@npr.org,66
Irita Checkley,icheckley6n@wordpress.com,20
Bernard Goldstein,bgoldstein6o@dailymail.co.uk,16
Jody Dugald,jdugald6p@etsy.com,20
Florida McFadden,fmcfadden6q@usda.gov,50
Egan Decker,edecker6r@amazon.co.uk,89
Alix Pitchers,apitchers6s@ftc.gov,95
Cordy Hoggan,choggan6t@ocn.ne.jp,56
Urban Lovering,ulovering6u@pagesperso-orange.fr,75
Jodee De Filippo,jde6v@mit.edu,53
Gertrude Redmond,gredmond6w@yellowpages.com,1
Jessalyn Kitteman,jkitteman6x@mapy.cz,36
Rena Veronique,rveronique6y@blogtalkradio.com,95
Shelly Kaveney,skaveney6z@netlog.com,40
Alexio Lombard,alombard70@nps.gov,10
Oberon Shurlock,oshurlock71@hostgator.com,77
Hamid Marfield,hmarfield72@example.com,75
Scott Reyson,sreyson73@trellian.com,2
Taylor Davsley,tdavsley74@npr.org,57
Fons Element,felement75@youtu.be,77
Keslie Wardel,kwardel76@psu.edu,86
Dre Menendes,dmenendes77@sciencedaily.com,30
Omero Drage,odrage78@noaa.gov,14
Aldwin Hubber,ahubber79@sogou.com,57
Doria Stephens,dstephens7a@theguardian.com,98
Dulce Diggons,ddiggons7b@moonfruit.com,55
Maure MacNelly,mmacnelly7c@cocolog-nifty.com,78
Lewiss Millan,lmillan7d@unicef.org,87
Diahann Klaaassen,dklaaassen7e@yahoo.com,39
Agnes Colbron,acolbron7f@columbia.edu,83
Alick Firle,afirle7g@cmu.edu,30
Corabelle Lagne,clagne7h@1688.com,22
Cly Brik,cbrik7i@hostgator.com,53
Renae MacElroy,rmacelroy7j@pagesperso-orange.fr,59
Dyan Cabrera,dcabrera7k@biglobe.ne.jp,6
Sayers McMichell,smcmichell7l@live.com,99
Tiphanie Baack,tbaack7m@go.com,88
Caressa Rooze,crooze7n@deliciousdays.com,30
Finley Kernoghan,fkernoghan7o@360.cn,37
Clemente Leopold,cleopold7p@mapy.cz,76
Lottie Barczynski,lbarczynski7q@sourceforge.net,5
Lezlie Inkpen,linkpen7r@lycos.com,91
Selma Fisk,sfisk7s@youtube.com,24
Malachi Leathers,mleathers7t@163.com,14
Dorree Sweetmore,dsweetmore7u@amazon.co.uk,62
Amil Shurville,ashurville7v@nyu.edu,10
Darya Elcoate,delcoate7w@uiuc.edu,82
Lizbeth Gresswood,lgresswood7x@eepurl.com,33
Jerrilee Pouton,jpouton7y@kickstarter.com,26
Eunice Dinis,edinis7z@utexas.edu,47
Walther Creamen,wcreamen80@chron.com,41
Karmen Soigoux,ksoigoux81@odnoklassniki.ru,37
Lenna Skidmore,lskidmore82@apple.com,21
Virginie Cossington,vcossington83@infoseek.co.jp,29
Daniela Cotte,dcotte84@newyorker.com,8
Jackquelin Summerlee,jsummerlee85@bigcartel.com,23
Morrie Pavlovsky,mpavlovsky86@privacy.gov.au,14
Kelley Neillans,kneillans87@sina.com.cn,56
Ricardo Stear,rstear88@woothemes.com,21
Redford Danzig,rdanzig89@yale.edu,28
Elna MacGregor,emacgregor8a@jugem.jp,71
Myrtia Lethebridge,mlethebridge8b@posterous.com,76
Cyndie Dugget,cdugget8c@dmoz.org,40
Amalita Browett,abrowett8d@reverbnation.com,28
Ricard Rizzardo,rrizzardo8e@pcworld.com,61
Ree Acreman,racreman8f@jigsy.com,91
Teddy Lere,tlere8g@tripod.com,2
Florella McIlory,fmcilory8h@twitter.com,47
Adair Caulcutt,acaulcutt8i@istockphoto.com,55
Lukas Caghan,lcaghan8j@sina.com.cn,25
Melinde Naulls,mnaulls8k@jimdo.com,13
Javier Shere,jshere8l@nasa.gov,54
Prudy Dilrew,pdilrew8m@omniture.com,24
Katusha Badsworth,kbadsworth8n@sina.com.cn,52
Lida Clausius,lclausius8o@elegantthemes.com,39
Ronna Seneschal,rseneschal8p@a8.net,93
Mala Kaubisch,mkaubisch8q@bbb.org,65
Pepe Berceros,pberceros8r@cam.ac.uk,4
Mellicent Henniger,mhenniger8s@soup.io,20
Ellen Grinikhin,egrinikhin8t@about.me,19
Cal Dyment,cdyment8u@godaddy.com,75
Clari Arstall,carstall8v@blogtalkradio.com,9
Constantino Odger,codger8w@msn.com,12
Bale Jouen,bjouen8x@barnesandnoble.com,81
Mile Cuppitt,mcuppitt8y@prnewswire.com,24
Aurelia Bengle,abengle8z@tinyurl.com,56
Ian Dragon,idragon90@senate.gov,41
Katie Boldock,kboldock91@mail.ru,68
Fayth Rowcastle,frowcastle92@hc360.com,57
Hildegaard Spridgeon,hspridgeon93@tripadvisor.com,95
Olivette Rabbe,orabbe94@e-recht24.de,7
Addi Agnew,aagnew95@infoseek.co.jp,73
Gage Gready,ggready96@noaa.gov,67
Fraser Gindghill,fgindghill97@amazonaws.com,75
Devin Vauls,dvauls98@blogtalkradio.com,67
Vanny Hartles,vhartles99@blogtalkradio.com,41
Caroline Andrew,candrew9a@mozilla.org,51
Judah Fortnum,jfortnum9b@people.com.cn,71
Ddene Tyght,dtyght9c@bravesites.com,8
Emmey Engeham,eengeham9d@meetup.com,98
Edythe O'Lehane,eolehane9e@hugedomains.com,62
Natala Slane,nslane9f@bloglovin.com,59
Hortensia Jillis,hjillis9g@usgs.gov,48
Mateo Wait,mwait9h@over-blog.com,46
Cammi Hatchett,chatchett9i@wsj.com,80
Tresa Orrom,torrom9j@about.com,44
Devan Marusic,dmarusic9k@posterous.com,87
Lincoln Bruster,lbruster9l@usatoday.com,19
Vittoria Caine,vcaine9m@blinklist.com,8
Shurlocke Dumbelton,sdumbelton9n@bbb.org,91
Bert Revill,brevill9o@about.com,46
Galvan Moland,gmoland9p@over-blog.com,15
Garrot Janicki,gjanicki9q@freewebs.com,54
Jacky Kunzler,jkunzler9r@sphinn.com,35
Donny Newnham,dnewnham9s@hao123.com,84
Adam Smallcomb,asmallcomb9t@homestead.com,18
Rici Woods,rwoods9u@ca.gov,79
Kevina Dews,kdews9v@networksolutions.com,17
Celesta Drei,cdrei9w@tripadvisor.com,81
Charley Klosser,cklosser9x@gmpg.org,64
Willard Rebillard,wrebillard9y@skype.com,85
Maggee Budik,mbudik9z@altervista.org,68
Kleon Karus,kkarusa0@51.la,80
Flint Sclater,fsclatera1@discuz.net,74
Payton D'Angeli,pdangelia2@webmd.com,81
Norma Cardis,ncardisa3@cam.ac.uk,5
Mallory Kesteven,mkestevena4@whitehouse.gov,61
Thomasa Wooffinden,twooffindena5@a8.net,94
Morissa Nassy,mnassya6@cnbc.com,100
Estella Tuite,etuitea7@php.net,2
Faunie Songust,fsongusta8@quantcast.com,60
Marcile Sulman,msulmana9@unicef.org,71
Mitchel Tollow,mtollowaa@adobe.com,59
Theresa Flaxon,tflaxonab@sourceforge.net,56
Dominik Voisey,dvoiseyac@slashdot.org,37
Amalie Hobson,ahobsonad@macromedia.com,68
Elisabeth O'Henery,eoheneryae@washingtonpost.com,62
Antonella Stennard,astennardaf@mtv.com,54
Jory Milberry,jmilberryag@de.vu,69
Engelbert Nuccii,enucciiah@free.fr,9
Cindie Hartright,chartrightai@liveinternet.ru,81
Ellynn Stone Fewings,estoneaj@unblog.fr,89
Tabbitha Owttrim,towttrimak@aboutads.info,60
Tory Swindall,tswindallal@amazon.co.uk,19
Noby Fontanet,nfontanetam@census.gov,92
Phillida Walsh,pwalshan@buzzfeed.com,14
Gwenore Urion,gurionao@studiopress.com,71
Perren Bertelsen,pbertelsenap@apache.org,28
Keriann Jennrich,kjennrichaq@barnesandnoble.com,84
Bunnie Stephens,bstephensar@macromedia.com,59
Olivia Bearn,obearnas@merriam-webster.com,64
Brooke Hawkswood,bhawkswoodat@google.com,31
Stewart Mickleburgh,smickleburghau@icio.us,56
Owen Hawe,ohaweav@unesco.org,92
Shamus Siderfin,ssiderfinaw@springer.com,97
Sully Piscopello,spiscopelloax@hubpages.com,58
Pebrook Calles,pcallesay@instagram.com,100
Vernor Reavey,vreaveyaz@ucsd.edu,35
Dannie Balassa,dbalassab0@meetup.com,10
Joyce Mabey,jmabeyb1@goo.ne.jp,27
Sophey Mariot,smariotb2@is.gd,75
Ivette Mazzeo,imazzeob3@mail.ru,51
Ilsa Rankmore,irankmoreb4@mail.ru,21
Jena Stathers,jstathersb5@theguardian.com,12
Brocky Shoutt,bshouttb6@slideshare.net,97
Katalin Maffei,kmaffeib7@delicious.com,66
Jonah Leeb,jleebb8@wired.com,10
Crosby Dougan,cdouganb9@zimbio.com,63
Josefina Kohnert,jkohnertba@aboutads.info,10
Fayth Fort,ffortbb@nasa.gov,6
Christie Henniger,chennigerbc@noaa.gov,67
Teddy Dreakin,tdreakinbd@plala.or.jp,100
Francene Northway,fnorthwaybe@examiner.com,34
Barney Passingham,bpassinghambf@delicious.com,4
Lusa Rodwell,lrodwellbg@ezinearticles.com,42
Rancell Matevosian,rmatevosianbh@dmoz.org,37
Husain Searl,hsearlbi@bloomberg.com,67
Mead Jeste,mjestebj@xinhuanet.com,55
Morse Claypoole,mclaypoolebk@newsvine.com,2
Toma Nayer,tnayerbl@weather.com,74
Byran Stare,bstarebm@wired.com,8
Micheline Hannond,mhannondbn@soundcloud.com,63
Fred Arnholz,farnholzbo@amazon.co.uk,80
Jewell Rodrig,jrodrigbp@nationalgeographic.com,79
Eyde Ferrieres,eferrieresbq@theguardian.com,30
Dodi Zannini,dzanninibr@altervista.org,52
Larisa St. Quintin,lstbs@economist.com,62
Jemmie Kliemke,jkliemkebt@nymag.com,15
Kikelia Callway,kcallwaybu@senate.gov,41
Kele Olpin,kolpinbv@google.com.br,82
Daphne Kollach,dkollachbw@alibaba.com,81
Ike Larham,ilarhambx@cam.ac.uk,20
Anna-diane Eastby,aeastbyby@apache.org,34
Hedvig Gumby,hgumbybz@storify.com,49
Norean Ruberti,nrubertic0@huffingtonpost.com,71
Carlota Carrane,ccarranec1@unc.edu,80
Vivie Sancto,vsanctoc2@spotify.com,90
Ginni Kleinstub,gkleinstubc3@imgur.com,10
Barnabas Inch,binchc4@alibaba.com,10
Tamqrah Chart,tchartc5@theguardian.com,42
Frieda Stonner,fstonnerc6@weebly.com,93
Loy McKiernan,lmckiernanc7@go.com,50
Flynn Gillooly,fgilloolyc8@nationalgeographic.com,4
Essy Di Dello,edic9@cbc.ca,67
Lucila Dugall,ldugallca@amazon.com,38
Rodrick Pincked,rpinckedcb@tumblr.com,72
King Godson,kgodsoncc@ucoz.ru,93
Almeta Lambert,alambertcd@mashable.com,6
Emile Storton,estortonce@reuters.com,62
Chaddie Hamlett,chamlettcf@berkeley.edu,65
Edita Catonnet,ecatonnetcg@mlb.com,46
Alic Crane,acranech@abc.net.au,87
Renate Ivachyov,rivachyovci@123-reg.co.uk,3
Kahlil Roycroft,kroycroftcj@shop-pro.jp,70
Nara Bech,nbechck@narod.ru,54
Shana Sandeman,ssandemancl@example.com,41
Melony Scanterbury,mscanterburycm@icio.us,76
Carlee Hazel,chazelcn@mediafire.com,10
Kiley Stearne,kstearneco@prnewswire.com,47
Valida Skippen,vskippencp@mozilla.org,77
Brandais Jentges,bjentgescq@newyorker.com,40
Merissa MacDonell,mmacdonellcr@google.co.jp,58
Daffie Eddins,deddinscs@list-manage.com,29
Harlene Woodard,hwoodardct@multiply.com,49
Izabel Farmer,ifarmercu@marriott.com,66
Crawford Massinger,cmassingercv@elpais.com,59
Clyde Bartens,cbartenscw@discovery.com,32
Bel Seelbach,bseelbachcx@ameblo.jp,30
Julius Corke,jcorkecy@desdev.cn,54
Ros Staley,rstaleycz@soup.io,11
Kissie Tresler,ktreslerd0@msn.com,18
Ottilie Oakley,ooakleyd1@wired.com,22
Christean Rentalll,crentallld2@surveymonkey.com,50
Minnnie Dowsey,mdowseyd3@nydailynews.com,28
Diannne Hryncewicz,dhryncewiczd4@51.la,36
Faina Eves,fevesd5@ft.com,63
Jameson Grieve,jgrieved6@constantcontact.com,73
Ashley Badger,abadgerd7@cafepress.com,83
Florette Wines,fwinesd8@foxnews.com,57
Aluino Gibbetts,agibbettsd9@cbslocal.com,46
Henderson Edlin,hedlinda@moonfruit.com,74
Lonnie Haysar,lhaysardb@printfriendly.com,29
Christa Wewell,cwewelldc@forbes.com,37
Hilary Hawthorn,hhawthorndd@house.gov,30
Carling Reignolds,creignoldsde@feedburner.com,24
Northrop Dietz,ndietzdf@unicef.org,38
Annie Fosh,afoshdg@goo.ne.jp,61
Currie Buckbee,cbuckbeedh@google.com.hk,87
Jamil Gresley,jgresleydi@nydailynews.com,61
Winonah Andrieux,wandrieuxdj@phoca.cz,48
Debbie Royston,droystondk@amazon.com,62
Lindsey Pottberry,lpottberrydl@thetimes.co.uk,90
Caitlin Leipnik,cleipnikdm@nymag.com,17
Yankee Brindle,ybrindledn@toplist.cz,41
Conni Bernat,cbernatdo@is.gd,14
Elsworth Mayhow,emayhowdp@nih.gov,65
Darya Kasher,dkasherdq@bing.com,80
Cristi Dales,cdalesdr@cbsnews.com,70
Marita Lantuffe,mlantuffeds@icq.com,37
Aarika Lloyds,alloydsdt@newsvine.com,96
Naomi Kippie,nkippiedu@google.nl,73
Ruthy Trytsman,rtrytsmandv@howstuffworks.com,47
Dinny Lucey,dluceydw@arizona.edu,51
Zaccaria Symones,zsymonesdx@amazonaws.com,71
Nana Cashell,ncashelldy@vimeo.com,1
Evelyn Bellingham,ebellinghamdz@pen.io,32
Danette Ceschini,dceschinie0@dailymotion.com,88
Maynord MacMychem,mmacmycheme1@pagesperso-orange.fr,48
Chryste Bogace,cbogacee2@trellian.com,43
Giovanni Hylden,ghyldene3@instagram.com,49
Gipsy Pitway,gpitwaye4@accuweather.com,56
Thoma Rubinshtein,trubinshteine5@sun.com,79
Marshall Greenroa,mgreenroae6@ftc.gov,42
Beckie di Rocca,bdie7@quantcast.com,58
Skelly Craydon,scraydone8@washington.edu,28
Westleigh Clausius,wclausiuse9@guardian.co.uk,63
Ole McLemon,omclemonea@plala.or.jp,73
Lanita Redgate,lredgateeb@sciencedirect.com,51
Harp MacGilrewy,hmacgilrewyec@vk.com,32
Suzanne Malyan,smalyaned@fda.gov,75
Dannel Scrogges,dscroggesee@people.com.cn,29
Ursulina Kittle,ukittleef@linkedin.com,38
Belvia Lydiatt,blydiatteg@drupal.org,59
Ebeneser Arnaldo,earnaldoeh@utexas.edu,45
Lynnette Sinkins,lsinkinsei@aboutads.info,48
Phyllys Androli,pandroliej@microsoft.com,15
Lauren Guidelli,lguidelliek@si.edu,45
Darda Anthoney,danthoneyel@studiopress.com,46
Teodorico Ife,tifeem@harvard.edu,45
Adlai Barritt,abarritten@t.co,53
Jeniece Shulem,jshulemeo@addtoany.com,27
Gertrud Haughan,ghaughanep@java.com,45
Rachele Bothe,rbotheeq@cisco.com,55
Hermina Clacey,hclaceyer@harvard.edu,42
Ermanno Zemler,ezemleres@networksolutions.com,13
Ailis Miklem,amiklemet@youtu.be,52
Suellen Schanke,sschankeeu@newsvine.com,77
Marieann Tuck,mtuckev@diigo.com,5
Cirstoforo North,cnorthew@house.gov,84
Norina Poyser,npoyserex@sun.com,81
Berty Outram,boutramey@sphinn.com,26
Corie Glidder,cglidderez@plala.or.jp,71
Tyler James,tjamesf0@comsenz.com,20
Ferdie Tomkinson,ftomkinsonf1@ow.ly,99
Tildy Caldwell,tcaldwellf2@google.pl,99
Aprilette Defrain,adefrainf3@ehow.com,4
Filmore Benard,fbenardf4@xing.com,60
Joell Orknay,jorknayf5@wsj.com,11
Xaviera Breckwell,xbreckwellf6@adobe.com,53
Vivyanne Kitman,vkitmanf7@microsoft.com,94
Maighdiln Perin,mperinf8@epa.gov,57
Cozmo Claye,cclayef9@jigsy.com,60
Nataniel Lonsdale,nlonsdalefa@elegantthemes.com,63
Derek Markovich,dmarkovichfb@instagram.com,3
Madelin Mitchley,mmitchleyfc@nationalgeographic.com,17
Alonzo Mulvin,amulvinfd@dailymotion.com,53
Billie Jervoise,bjervoisefe@wikimedia.org,93
Irwin Dive,idiveff@devhub.com,55
Bentlee Petr,bpetrfg@smh.com.au,52
Kata Paz,kpazfh@arstechnica.com,32
Reider Paye,rpayefi@dailymail.co.uk,9
Helenka Stavers,hstaversfj@goo.gl,41
Lazar Spadari,lspadarifk@vimeo.com,6
Billie Brothwell,bbrothwellfl@eepurl.com,94
Chase Ebunoluwa,cebunoluwafm@qq.com,64
Wendeline Prigg,wpriggfn@51.la,63
Boniface Ishaki,bishakifo@bloomberg.com,97
Darda McMillan,dmcmillanfp@mozilla.com,36
Reese Charke,rcharkefq@discovery.com,93
Didi Dewdney,ddewdneyfr@vk.com,75
Amye Barca,abarcafs@cdbaby.com,94
Elmira Demageard,edemageardft@usa.gov,28
Brucie Licari,blicarifu@amazon.com,50
Joleen Raiston,jraistonfv@mapy.cz,24
Justinn Daulton,jdaultonfw@csmonitor.com,56
Chantalle Sewill,csewillfx@oakley.com,67
Dari Dungate,ddungatefy@booking.com,59
Byron Queyeiro,bqueyeirofz@irs.gov,90
Christa Sothcott,csothcottg0@sourceforge.net,92
Onofredo Parminter,oparminterg1@pagesperso-orange.fr,37
Carlin Wardel,cwardelg2@comsenz.com,23
Kermie Dorsey,kdorseyg3@comsenz.com,65
Hedwiga Amberson,hambersong4@wordpress.com,58
Sukey Heyfield,sheyfieldg5@youku.com,69
Julietta Quinney,jquinneyg6@infoseek.co.jp,50
Theodora Labro,tlabrog7@goodreads.com,36
Daphene Dislee,ddisleeg8@google.pl,10
Ilise Moylan,imoylang9@typepad.com,86
Ally Bruggeman,abruggemanga@i2i.jp,14
Sherm Yeardley,syeardleygb@hubpages.com,12
Verge Test,vtestgc@telegraph.co.uk,3
Stearn Aaron,saarongd@eventbrite.com,92
Kristy Ranken,krankenge@hubpages.com,72
Zaneta Heed,zheedgf@hubpages.com,68
Danella Sidebotham,dsidebothamgg@dailymail.co.uk,83
Ondrea Greenaway,ogreenawaygh@usa.gov,13
Skip Croux,scrouxgi@house.gov,46
Carmelia Stoffer,cstoffergj@alexa.com,57
Aharon Trinbey,atrinbeygk@storify.com,67
Harriott Risom,hrisomgl@cornell.edu,76
Leif Melpuss,lmelpussgm@so-net.ne.jp,9
Sada Oliveira,soliveiragn@newsvine.com,55
Lia Chastang,lchastanggo@myspace.com,62
Ellwood Carnilian,ecarniliangp@va.gov,85
Reinwald Anders,randersgq@fda.gov,96
Kyle Docksey,kdockseygr@symantec.com,74
Bobby Oguz,boguzgs@mediafire.com,84
Rennie Braidley,rbraidleygt@newyorker.com,96
Gabriellia Merwood,gmerwoodgu@nature.com,75
Rozamond Dorbon,rdorbongv@imgur.com,19
Miller Fowls,mfowlsgw@t.co,82
Rebecka Bootman,rbootmangx@reverbnation.com,58
Gypsy McGeagh,gmcgeaghgy@homestead.com,91
Cathrine Panchen,cpanchengz@yandex.ru,46
Jan Stollenwerck,jstollenwerckh0@squidoo.com,15
Fowler Syred,fsyredh1@infoseek.co.jp,24
Alaster Martusewicz,amartusewiczh2@google.it,54
Carolyne Sparkwill,csparkwillh3@shinystat.com,60
Leonie Fulker,lfulkerh4@stumbleupon.com,10
Mickie Ralston,mralstonh5@google.ru,92
Galvin Sushams,gsushamsh6@wired.com,35
Zorah Hiskey,zhiskeyh7@scribd.com,38
Kelly Dwine,kdwineh8@soup.io,46
Silvie Kett,sketth9@europa.eu,1
Tucky Matheson,tmathesonha@nydailynews.com,14
Charmion Stot,cstothb@sohu.com,5
Arlin Nurden,anurdenhc@fotki.com,6
Helsa Wedderburn,hwedderburnhd@privacy.gov.au,94
Edvard Nendick,enendickhe@spiegel.de,44
Dall Koomar,dkoomarhf@oracle.com,10
Lori Kidder,lkidderhg@phoca.cz,58
Yoshiko Warman,ywarmanhh@buzzfeed.com,17
Cord Presnall,cpresnallhi@fc2.com,73
Jeralee Fruchon,jfruchonhj@nifty.com,41
Ynes Barnwell,ybarnwellhk@engadget.com,43
Dara Liddle,dliddlehl@buzzfeed.com,4
Leroi Cowin,lcowinhm@prweb.com,1
Nikolia Dooney,ndooneyhn@typepad.com,61
Hillard Claricoates,hclaricoatesho@auda.org.au,75
Auberon Kleinhandler,akleinhandlerhp@cafepress.com,46
Ange Ruoff,aruoffhq@squarespace.com,69
Monte Fillimore,mfillimorehr@tmall.com,32
Iona Nollet,inolleths@fema.gov,76
Theresita Cadell,tcadellht@mapy.cz,55
Vittorio Lampard,vlampardhu@networkadvertising.org,6
Clea Vanyushin,cvanyushinhv@bizjournals.com,14
Cathe Carayol,ccarayolhw@dailymail.co.uk,10
Morris Sproston,msprostonhx@whitehouse.gov,55
Reggi MacNeely,rmacneelyhy@japanpost.jp,74
Bartholomew Robben,brobbenhz@mysql.com,63
Ashley Gunney,agunneyi0@digg.com,40
Moselle Scintsbury,mscintsburyi1@icio.us,27
Marj Spadollini,mspadollinii2@sakura.ne.jp,3
Demetra Bleue,dbleuei3@so-net.ne.jp,58
Camel Mattin,cmattini4@nymag.com,1
Weber Mepham,wmephami5@newsvine.com,56
Nessy Myner,nmyneri6@free.fr,56
Luelle Paszek,lpaszeki7@sogou.com,95
Violet Vondra,vvondrai8@123-reg.co.uk,40
Niki Charteris,ncharterisi9@themeforest.net,30
Saree Leatham,sleathamia@ibm.com,42
Cecil Bartholat,cbartholatib@mediafire.com,41
Gianina Sivior,gsivioric@live.com,61
Ina Southeran,isoutheranid@theguardian.com,58
Bartholomew Fenners,bfennersie@deviantart.com,38
Sonny Towndrow,stowndrowif@yolasite.com,50
Cornelius Laverty,clavertyig@merriam-webster.com,68
Merry Rames,mramesih@wiley.com,8
Morganne Birt,mbirtii@mit.edu,1
Janie Leal,jlealij@instagram.com,79
Sherri Linggood,slinggoodik@1688.com,86
Lamond Dillestone,ldillestoneil@skyrock.com,95
Gallard Sproston,gsprostonim@thetimes.co.uk,57
Jim Gidman,jgidmanin@xrea.com,49
Wallis Camacho,wcamachoio@bing.com,48
Tessy Coggell,tcoggellip@adobe.com,43
Mariette Wrotchford,mwrotchfordiq@uol.com.br,63
Lilla McDavid,lmcdavidir@globo.com,11
Alford Pegg,apeggis@1und1.de,73
Pietrek Semerad,psemeradit@unc.edu,56
Deedee Wolfer,dwolferiu@histats.com,12
Miguelita Fishbourne,mfishbourneiv@berkeley.edu,84
Wendye Crombleholme,wcrombleholmeiw@smugmug.com,89
Prince Shoreson,pshoresonix@miitbeian.gov.cn,13
Idette Mulvin,imulviniy@usa.gov,28
Winna Lilbourne,wlilbourneiz@bizjournals.com,42
Sonnie Blint,sblintj0@github.io,25
Radcliffe Tregunnah,rtregunnahj1@ebay.com,60
Raine Kabos,rkabosj2@amazon.co.jp,13
Sherman Fellon,sfellonj3@usatoday.com,69
Susanne O'Halleghane,sohalleghanej4@mapquest.com,89
Karola Hallihane,khallihanej5@drupal.org,5
Belle Speer,bspeerj6@phoca.cz,60
Priscilla Horrell,phorrellj7@salon.com,69
Kelcy Giamelli,kgiamellij8@china.com.cn,90
Alvina Blazevic,ablazevicj9@hibu.com,62
Maurita Squires,msquiresja@umich.edu,65
Martita Deevey,mdeeveyjb@oracle.com,75
Charlena Mainson,cmainsonjc@freewebs.com,78
Bern O'Hern,bohernjd@umich.edu,8
Thornie Lambart,tlambartje@spotify.com,70
Ann Jossum,ajossumjf@altervista.org,6
Dido Frederick,dfrederickjg@dell.com,2
Etty Raithby,eraithbyjh@oracle.com,69
Clyve Boreham,cborehamji@vinaora.com,29
Richie Glanz,rglanzjj@paypal.com,60
Elissa Sedworth,esedworthjk@illinois.edu,48
Mead Wickardt,mwickardtjl@google.nl,33
Amby Denholm,adenholmjm@e-recht24.de,16
Karla Jodlkowski,kjodlkowskijn@howstuffworks.com,41
Rebecca Rowling,rrowlingjo@oracle.com,89
Maryjane Reding,mredingjp@tripod.com,99
Abey Wofenden,awofendenjq@geocities.com,51
Laverna Bayston,lbaystonjr@ebay.co.uk,87
Aime Carlino,acarlinojs@canalblog.com,7
Thacher Peace,tpeacejt@miibeian.gov.cn,42
Jenni Kittiman,jkittimanju@addtoany.com,14
Marga Putnam,mputnamjv@ebay.com,32
Orin Pinnell,opinnelljw@indiegogo.com,52
Britni Barck,bbarckjx@miibeian.gov.cn,26
Blake Spearing,bspearingjy@loc.gov,80
Darcy Kubica,dkubicajz@zimbio.com,41
James Kerbey,jkerbeyk0@youtu.be,68
Georgiana Fantin,gfantink1@yale.edu,76
Sada Moreno,smorenok2@chicagotribune.com,67
Clemmie Rushworth,crushworthk3@geocities.com,28
Reggie Duding,rdudingk4@etsy.com,22
Greggory Corthes,gcorthesk5@fema.gov,30
Averil Parlett,aparlettk6@prlog.org,86
Celka Bamforth,cbamforthk7@harvard.edu,34
Cal Steanyng,csteanyngk8@tinypic.com,90
Beryl Oles,bolesk9@bizjournals.com,80
Cassandry Georgelin,cgeorgelinka@seattletimes.com,15
Minni Chastelain,mchastelainkb@prweb.com,98
Karie Hardin,khardinkc@rakuten.co.jp,26
Lorene Voller,lvollerkd@spiegel.de,27
Wood Biaggelli,wbiaggellike@google.co.uk,36
Seward Payton,spaytonkf@theatlantic.com,34
Gunilla Flintoffe,gflintoffekg@go.com,2
Bamby Mottini,bmottinikh@ft.com,55
Wilbur Osbourne,wosbourneki@ow.ly,38
Kellia Esberger,kesbergerkj@usatoday.com,60
Maren Andreuzzi,mandreuzzikk@telegraph.co.uk,27
Stefanie Chomicki,schomickikl@imgur.com,19
Trixie O'Sherin,tosherinkm@wikimedia.org,59
Winona Leber,wleberkn@msu.edu,65
Olin Marshfield,omarshfieldko@oaic.gov.au,14
Karlens Scoullar,kscoullarkp@squarespace.com,35
Ashlee Standage,astandagekq@nasa.gov,17
Berkley Corrison,bcorrisonkr@tinypic.com,88
Loella Huban,lhubanks@imageshack.us,69
Mireille Godard,mgodardkt@imgur.com,59
Janice Brightwell,jbrightwellku@usgs.gov,64
Lynette Pietzke,lpietzkekv@miibeian.gov.cn,63
Fara Flipek,fflipekkw@dagondesign.com,33
Diana Bucknall,dbucknallkx@ask.com,76
Justin Poundford,jpoundfordky@zdnet.com,82
Reagan Caramuscia,rcaramusciakz@elpais.com,1
Mair Sermin,mserminl0@jimdo.com,91
Ivett Wickling,iwicklingl1@nymag.com,50
Wesley Ainley,wainleyl2@redcross.org,16
Florentia Seedman,fseedmanl3@samsung.com,94
Laina Shergill,lshergilll4@clickbank.net,7
Hasheem Rickeard,hrickeardl5@list-manage.com,45
Kellen Gimblet,kgimbletl6@biglobe.ne.jp,89
Hewett Heake,hheakel7@independent.co.uk,56
Perkin Scroxton,pscroxtonl8@storify.com,94
Randall Seine,rseinel9@abc.net.au,18
Robyn Olivi,rolivila@sina.com.cn,90
Prent Pulsford,ppulsfordlb@domainmarket.com,10
Appolonia Munkley,amunkleylc@mlb.com,50
Athena Rouge,arougeld@paginegialle.it,82
Ewan Shakesbye,eshakesbyele@stumbleupon.com,74
Marybeth Ingre,mingrelf@nydailynews.com,90
Happy Saffran,hsaffranlg@yandex.ru,86
Jackquelin Stihl,jstihllh@mail.ru,31
Glenda Poulsen,gpoulsenli@ucoz.ru,61
Mano Skeath,mskeathlj@sun.com,12
Nataline Potzold,npotzoldlk@opera.com,79
Gothart Mussolini,gmussolinill@cafepress.com,85
Elise Ritzman,eritzmanlm@adobe.com,11
Meaghan Maddams,mmaddamsln@constantcontact.com,79
Steffane Lechelle,slechellelo@mlb.com,36
Benton Scollard,bscollardlp@friendfeed.com,28
Nikos Sewards,nsewardslq@meetup.com,73
Claire Creamen,ccreamenlr@google.co.uk,15
Cate Blenkharn,cblenkharnls@cnbc.com,39
Jarvis Carff,jcarfflt@odnoklassniki.ru,25
Fitzgerald Hensmans,fhensmanslu@huffingtonpost.com,72
Dulcia Lenney,dlenneylv@weather.com,98
Waylin Undy,wundylw@mediafire.com,86
Gianni Riepl,griepllx@engadget.com,18
Roscoe Bute,rbutely@economist.com,55
Worthy Whymark,wwhymarklz@eventbrite.com,42
Elianore Streetley,estreetleym0@netvibes.com,1
Davie Ansley,dansleym1@altervista.org,89
Saxon Sterley,ssterleym2@facebook.com,42
Tabby Sinnott,tsinnottm3@pagesperso-orange.fr,91
Koral Gorelli,kgorellim4@seesaa.net,88
Garald Royan,groyanm5@ucla.edu,59
Berry Arthy,barthym6@soundcloud.com,24
Ashley Parradine,aparradinem7@biglobe.ne.jp,89
Iris Beeke,ibeekem8@uiuc.edu,94
Jania McCurtain,jmccurtainm9@cyberchimps.com,22
Nerty Gowlett,ngowlettma@altervista.org,43
Wyatan Quene,wquenemb@omniture.com,84
Angelica Lomasney,alomasneymc@biglobe.ne.jp,93
Kelly Grasser,kgrassermd@rambler.ru,94
Enrika Sowden,esowdenme@answers.com,25
Erin Lenton,elentonmf@gmpg.org,26
Jolee Eamer,jeamermg@china.com.cn,2
Dalston Etchingham,detchinghammh@blogger.com,72
Huntlee Khilkov,hkhilkovmi@cam.ac.uk,74
Belita Gourley,bgourleymj@msn.com,21
Roger Laurand,rlaurandmk@seattletimes.com,68
Laverne Brinsford,lbrinsfordml@51.la,71
Bat Longman,blongmanmm@ucoz.com,57
Bobbie Ginner,bginnermn@people.com.cn,90
Sadie Kershaw,skershawmo@marriott.com,73
Nessa Roake,nroakemp@intel.com,62
Bat Doust,bdoustmq@acquirethisname.com,1
Yule Coalbran,ycoalbranmr@blogspot.com,88
Jeanna Schustl,jschustlms@github.io,28
Patton Grayson,pgraysonmt@google.com.au,2
Tedmund Kinforth,tkinforthmu@amazon.de,60
Natalie Dufore,nduforemv@fc2.com,22
Hartley Miere,hmieremw@webnode.com,53
Olivier Andreutti,oandreuttimx@sina.com.cn,67
Shelley Creffeild,screffeildmy@addtoany.com,85
Catherine Handman,chandmanmz@mashable.com,62
Teodorico Elegood,telegoodn0@imdb.com,81
Willie Giovanni,wgiovannin1@meetup.com,25
Jeri Melliard,jmelliardn2@g.co,44
Ariela Fillimore,afillimoren3@mapy.cz,23
Riordan Howat,rhowatn4@uol.com.br,72
Katie Gamet,kgametn5@sourceforge.net,52
Cathyleen Cuttles,ccuttlesn6@dedecms.com,86
Murvyn Baggot,mbaggotn7@nps.gov,9
Frasier Davy,fdavyn8@who.int,80
Nicko Cullivan,ncullivann9@reuters.com,85
Lora Pattison,lpattisonna@odnoklassniki.ru,65
Sherlocke Lalor,slalornb@wunderground.com,38
Thayne Gass,tgassnc@redcross.org,41
Zebadiah Galego,zgalegond@time.com,46
Angel Doorly,adoorlyne@answers.com,71
Beulah Kenna,bkennanf@latimes.com,1
Filippo Stanion,fstanionng@mtv.com,25
Beckie Aspel,baspelnh@rediff.com,62
Tiffany Dymoke,tdymokeni@pen.io,38
Dag Sandcraft,dsandcraftnj@nps.gov,94
Claudie Creasy,ccreasynk@constantcontact.com,18
Lu Ghilardini,lghilardininl@tripod.com,8
Tyson Sleeny,tsleenynm@canalblog.com,27
Annecorinne Hambly,ahamblynn@intel.com,35
Fidel Ganderton,fgandertonno@ebay.co.uk,26
Bea Isaak,bisaaknp@archive.org,96
Lorette Maddaford,lmaddafordnq@wired.com,61
Mirabella Matys,mmatysnr@slashdot.org,77
Hale Naulty,hnaultyns@de.vu,90
Elsie Filippi,efilippint@illinois.edu,41
Lin Bentick,lbenticknu@nsw.gov.au,50
Avigdor Glyn,aglynnv@va.gov,92
Jeniffer Father,jfathernw@redcross.org,53
Willi Martini,wmartininx@sbwire.com,34
Irene Harlick,iharlickny@hubpages.com,73
Micky Grover,mgrovernz@hud.gov,82
Cybil Mouatt,cmouatto0@meetup.com,71
Sherrie Chadbourne,schadbourneo1@state.gov,17
Osbourne Titcumb,otitcumbo2@t.co,34
Wernher Allsobrook,wallsobrooko3@moonfruit.com,97
Crichton Rosberg,crosbergo4@alibaba.com,54
Eadmund Duer,eduero5@sphinn.com,14
Burr Bradlaugh,bbradlaugho6@redcross.org,23
Lorianne Geroldo,lgeroldoo7@angelfire.com,15
Nichol Garvie,ngarvieo8@diigo.com,60
Paolina Scutchings,pscutchingso9@freewebs.com,42
Mirna Ebi,mebioa@amazon.co.jp,53
Kimbra Heddon,kheddonob@walmart.com,34
Analiese Matteoni,amatteonioc@ucsd.edu,24
Briant Gleader,bgleaderod@ftc.gov,96
Ethelyn Havers,ehaversoe@nymag.com,33
Eugenia Sevier,esevierof@imdb.com,8
Collete McEachern,cmceachernog@biglobe.ne.jp,62
Malinde Castillo,mcastillooh@simplemachines.org,3
Hermione Line,hlineoi@mac.com,27
Charlton Hirsch,chirschoj@abc.net.au,53
Lezlie Kelleway,lkellewayok@gmpg.org,93
Celestine Demongeot,cdemongeotol@wikimedia.org,95
Mari Toffolo,mtoffoloom@e-recht24.de,68
Rudiger McPeck,rmcpeckon@ibm.com,60
Claudianus Gaskell,cgaskelloo@webnode.com,77
Matias Izac,mizacop@github.com,100
Harcourt Drysdale,hdrysdaleoq@webnode.com,95
Ricki Torrijos,rtorrijosor@si.edu,50
Calida Malenfant,cmalenfantos@un.org,68
Edmund Nutten,enuttenot@vkontakte.ru,18
Kliment O' Clovan,koou@hugedomains.com,12
Shelby Affleck,saffleckov@webmd.com,43
Ivy Aspling,iasplingow@pinterest.com,60
Gayleen Vincent,gvincentox@123-reg.co.uk,99
Eolanda O'Corr,eocorroy@canalblog.com,82
Berget Cavil,bcaviloz@cnbc.com,53
Lilia Preddle,lpreddlep0@github.com,49
Ravi Clavering,rclaveringp1@dyndns.org,23
Doe Deal,ddealp2@parallels.com,76
Hamlin Billin,hbillinp3@apache.org,1
Jere McCarle,jmccarlep4@topsy.com,81
Dino Roughan,droughanp5@weebly.com,3
Hasty Crease,hcreasep6@slideshare.net,17
Karil Parsand,kparsandp7@ibm.com,89
Zarah Beardsall,zbeardsallp8@unicef.org,9
Zack Romeuf,zromeufp9@google.ca,61
Chiquita Radke,cradkepa@prlog.org,1
Celisse Mullin,cmullinpb@deliciousdays.com,3
Jeanie Heaviside,jheavisidepc@weibo.com,82
Dalton Bettaney,dbettaneypd@ca.gov,42
Floris Bugdell,fbugdellpe@fastcompany.com,100
Latisha Gylle,lgyllepf@alibaba.com,86
Clemmie Keerl,ckeerlpg@wikipedia.org,25
Tabby Darnody,tdarnodyph@wired.com,60
Ebony Coast,ecoastpi@archive.org,92
Sheff Waycot,swaycotpj@google.it,98
Reeva Coggeshall,rcoggeshallpk@blogger.com,92
Trixi Taggerty,ttaggertypl@reference.com,45
Emiline Iley,eileypm@wunderground.com,41
Bobbie Maskill,bmaskillpn@qq.com,61
Inesita Mendoza,imendozapo@ifeng.com,72
Kenneth O'Day,kodaypp@techcrunch.com,14
Elonore Picott,epicottpq@craigslist.org,53
Bride Wyke,bwykepr@blogspot.com,60
Etti McManus,emcmanusps@a8.net,99
Buddy Althorp,balthorppt@hexun.com,83
Callie Yonge,cyongepu@aol.com,60
Abbey Maevela,amaevelapv@ning.com,70
Bobina Drayn,bdraynpw@fda.gov,47
Mavis Grain,mgrainpx@smh.com.au,35
Ange Beaton,abeatonpy@vinaora.com,52
Gregorius Allans,gallanspz@devhub.com,16
Hildegarde Zieme,hziemeq0@imageshack.us,23
Ivy Santhouse,isanthouseq1@blog.com,10
Sayres Bartosik,sbartosikq2@domainmarket.com,90
Barbra Naisby,bnaisbyq3@aboutads.info,79
Killy Danne,kdanneq4@si.edu,6
Sigfried Melato,smelatoq5@cnbc.com,88
Ludwig Duckers,lduckersq6@time.com,74
Mikkel O'Dreain,modreainq7@aol.com,27
Fanchon Yuryichev,fyuryichevq8@livejournal.com,20
Joy Serjent,jserjentq9@washington.edu,78
Elyssa Glascott,eglascottqa@princeton.edu,41
Brendin Highman,bhighmanqb@usa.gov,19
Lorelei Bohlin,lbohlinqc@cmu.edu,37
Cherise Nassau,cnassauqd@google.pl,58
Christoffer Eccott,ceccottqe@theguardian.com,29
Claretta Tydeman,ctydemanqf@seesaa.net,11
Antonietta Antognazzi,aantognazziqg@guardian.co.uk,4
Annabel Paddingdon,apaddingdonqh@amazon.co.uk,16
Ed Gainsboro,egainsboroqi@buzzfeed.com,23
Mitch Serginson,mserginsonqj@dmoz.org,29
Willard Lackemann,wlackemannqk@histats.com,74
Helenka Letham,hlethamql@pcworld.com,91
Kerstin Shorthill,kshorthillqm@paypal.com,46
Derrek Lathee,dlatheeqn@xing.com,5
Shandee Heenan,sheenanqo@yolasite.com,93
Clarey Haggerstone,chaggerstoneqp@instagram.com,64
Antonella Pharo,apharoqq@admin.ch,99
Desdemona Ness,dnessqr@ucla.edu,85
Kesley Danilchev,kdanilchevqs@weibo.com,41
Denny Linden,dlindenqt@hugedomains.com,34
Filberte Painten,fpaintenqu@uol.com.br,21
Esra Langstaff,elangstaffqv@comcast.net,39
Frannie Lidgley,flidgleyqw@bbc.co.uk,70
Ulric Breit,ubreitqx@washingtonpost.com,24
Orren Cheverell,ocheverellqy@oracle.com,19
Diane Seignior,dseigniorqz@alexa.com,18
Junette Bergin,jberginr0@timesonline.co.uk,46
Des Dawtrey,ddawtreyr1@i2i.jp,30
Cosimo Hyndley,chyndleyr2@mapquest.com,53
Lucian Sloane,lsloaner3@virginia.edu,28
Esme Cronchey,ecroncheyr4@timesonline.co.uk,12
Edi Webb-Bowen,ewebbbowenr5@tuttocitta.it,97
Geoff Penketh,gpenkethr6@msn.com,48
Johann Burns,jburnsr7@canalblog.com,97
Nannette Jobern,njobernr8@yolasite.com,15
Ophelie Effnert,oeffnertr9@nps.gov,39
Riordan Lodford,rlodfordra@ocn.ne.jp,43
Randolph Limer,rlimerrb@gov.uk,7
Vivianna Sparshett,vsparshettrc@networksolutions.com,59
Kaycee Udell,kudellrd@spotify.com,22
Creighton Branton,cbrantonre@businesswire.com,73
Julita Egger,jeggerrf@phoca.cz,15
Kessiah Pyle,kpylerg@oracle.com,88
Caprice McLaughlin,cmclaughlinrh@auda.org.au,55
Patrice Stanlike,pstanlikeri@zdnet.com,19
Sonny Binny,sbinnyrj@1688.com,93
Zondra Weepers,zweepersrk@go.com,63
Kakalina Chelam,kchelamrl@ehow.com,49
Sheryl Bollard,sbollardrm@bing.com,55
Herculie Drydale,hdrydalern@freewebs.com,63
Maxie Worlock,mworlockro@alibaba.com,8
Beniamino Skerme,bskermerp@nasa.gov,8
Christian Anglish,canglishrq@sciencedirect.com,16
Pat Burford,pburfordrr@boston.com,88
